{
  "Post Hero" : {
    "transaction" : "Post Hero",
    "sampleCount" : 100,
    "errorCount" : 0,
    "errorPct" : 0.0,
    "meanResTime" : 9.670000000000003,
    "medianResTime" : 2.0,
    "minResTime" : 0.0,
    "maxResTime" : 45.0,
    "pct1ResTime" : 26.900000000000006,
    "pct2ResTime" : 32.89999999999998,
    "pct3ResTime" : 45.0,
    "throughput" : 128.70012870012872,
    "receivedKBytesPerSec" : 29.535674066924066,
    "sentKBytesPerSec" : 30.038408944658944
  },
  "Total" : {
    "transaction" : "Total",
    "sampleCount" : 500,
    "errorCount" : 0,
    "errorPct" : 0.0,
    "meanResTime" : 11.887999999999998,
    "medianResTime" : 2.0,
    "minResTime" : 0.0,
    "maxResTime" : 82.0,
    "pct1ResTime" : 40.80000000000007,
    "pct2ResTime" : 51.0,
    "pct3ResTime" : 72.0,
    "throughput" : 578.7037037037037,
    "receivedKBytesPerSec" : 123.23789243344908,
    "sentKBytesPerSec" : 107.15060763888889
  },
  "Get Hero by ID" : {
    "transaction" : "Get Hero by ID",
    "sampleCount" : 100,
    "errorCount" : 0,
    "errorPct" : 0.0,
    "meanResTime" : 8.620000000000006,
    "medianResTime" : 1.5,
    "minResTime" : 0.0,
    "maxResTime" : 48.0,
    "pct1ResTime" : 23.0,
    "pct2ResTime" : 27.799999999999955,
    "pct3ResTime" : 47.969999999999985,
    "throughput" : 125.78616352201257,
    "receivedKBytesPerSec" : 23.58490566037736,
    "sentKBytesPerSec" : 15.723270440251572
  },
  "Get Heroes" : {
    "transaction" : "Get Heroes",
    "sampleCount" : 100,
    "errorCount" : 0,
    "errorPct" : 0.0,
    "meanResTime" : 20.789999999999992,
    "medianResTime" : 2.0,
    "minResTime" : 1.0,
    "maxResTime" : 82.0,
    "pct1ResTime" : 64.0,
    "pct2ResTime" : 72.0,
    "pct3ResTime" : 81.96999999999998,
    "throughput" : 116.27906976744185,
    "receivedKBytesPerSec" : 30.583439316860467,
    "sentKBytesPerSec" : 14.307776162790699
  },
  "Update Hero" : {
    "transaction" : "Update Hero",
    "sampleCount" : 100,
    "errorCount" : 0,
    "errorPct" : 0.0,
    "meanResTime" : 12.459999999999999,
    "medianResTime" : 1.5,
    "minResTime" : 0.0,
    "maxResTime" : 54.0,
    "pct1ResTime" : 48.0,
    "pct2ResTime" : 51.0,
    "pct3ResTime" : 54.0,
    "throughput" : 131.92612137203167,
    "receivedKBytesPerSec" : 18.680944920844325,
    "sentKBytesPerSec" : 31.049018799472297
  },
  "Delete Hero" : {
    "transaction" : "Delete Hero",
    "sampleCount" : 100,
    "errorCount" : 0,
    "errorPct" : 0.0,
    "meanResTime" : 7.9,
    "medianResTime" : 2.0,
    "minResTime" : 0.0,
    "maxResTime" : 53.0,
    "pct1ResTime" : 25.0,
    "pct2ResTime" : 29.94999999999999,
    "pct3ResTime" : 52.77999999999989,
    "throughput" : 132.45033112582783,
    "receivedKBytesPerSec" : 32.20716059602649,
    "sentKBytesPerSec" : 27.680049668874172
  }
}