{
  "Post Hero" : {
    "transaction" : "Post Hero",
    "sampleCount" : 20000,
    "errorCount" : 16746,
    "errorPct" : 83.73,
    "meanResTime" : 53.61180000000024,
    "medianResTime" : 1.0,
    "minResTime" : 0.0,
    "maxResTime" : 4694.0,
    "pct1ResTime" : 73.0,
    "pct2ResTime" : 232.95000000000073,
    "pct3ResTime" : 1629.0,
    "throughput" : 1518.1417944436012,
    "receivedKBytesPerSec" : 3322.6709569986338,
    "sentKBytesPerSec" : 58.85586666919691
  },
  "Total" : {
    "transaction" : "Total",
    "sampleCount" : 100000,
    "errorCount" : 83856,
    "errorPct" : 83.856,
    "meanResTime" : 55.19623999999925,
    "medianResTime" : 1.0,
    "minResTime" : 0.0,
    "maxResTime" : 4793.0,
    "pct1ResTime" : 195.0,
    "pct2ResTime" : 349.9500000000007,
    "pct3ResTime" : 1963.9900000000016,
    "throughput" : 7578.053955744165,
    "receivedKBytesPerSec" : 16598.483545558312,
    "sentKBytesPerSec" : 233.31422045506216
  },
  "Get Hero by ID" : {
    "transaction" : "Get Hero by ID",
    "sampleCount" : 20000,
    "errorCount" : 16961,
    "errorPct" : 84.805,
    "meanResTime" : 54.453350000000015,
    "medianResTime" : 1.0,
    "minResTime" : 0.0,
    "maxResTime" : 4646.0,
    "pct1ResTime" : 68.0,
    "pct2ResTime" : 180.95000000000073,
    "pct3ResTime" : 1491.9900000000016,
    "throughput" : 1517.5658244176343,
    "receivedKBytesPerSec" : 3349.8990314847483,
    "sentKBytesPerSec" : 28.824265877532437
  },
  "Get Heroes" : {
    "transaction" : "Get Heroes",
    "sampleCount" : 20000,
    "errorCount" : 17177,
    "errorPct" : 85.885,
    "meanResTime" : 70.13805000000026,
    "medianResTime" : 1.0,
    "minResTime" : 0.0,
    "maxResTime" : 4637.0,
    "pct1ResTime" : 133.0,
    "pct2ResTime" : 341.0,
    "pct3ResTime" : 1683.9900000000016,
    "throughput" : 1518.6028853454823,
    "receivedKBytesPerSec" : 3419.6335777334853,
    "sentKBytesPerSec" : 26.37519575740319
  },
  "Update Hero" : {
    "transaction" : "Update Hero",
    "sampleCount" : 20000,
    "errorCount" : 16561,
    "errorPct" : 82.805,
    "meanResTime" : 54.24464999999975,
    "medianResTime" : 1.0,
    "minResTime" : 0.0,
    "maxResTime" : 4793.0,
    "pct1ResTime" : 70.0,
    "pct2ResTime" : 178.0,
    "pct3ResTime" : 867.7900000000336,
    "throughput" : 1518.1417944436012,
    "receivedKBytesPerSec" : 3266.8696094105817,
    "sentKBytesPerSec" : 62.71185787346288
  },
  "Delete Hero" : {
    "transaction" : "Delete Hero",
    "sampleCount" : 20000,
    "errorCount" : 16411,
    "errorPct" : 82.055,
    "meanResTime" : 43.53334999999998,
    "medianResTime" : 1.0,
    "minResTime" : 0.0,
    "maxResTime" : 4641.0,
    "pct1ResTime" : 67.90000000000146,
    "pct2ResTime" : 155.0,
    "pct3ResTime" : 801.9900000000016,
    "throughput" : 1518.6028853454823,
    "receivedKBytesPerSec" : 3267.888222522779,
    "sentKBytesPerSec" : 56.95101912490509
  }
}