{
  "Post Hero" : {
    "transaction" : "Post Hero",
    "sampleCount" : 2000,
    "errorCount" : 1466,
    "errorPct" : 73.3,
    "meanResTime" : 17.398500000000013,
    "medianResTime" : 1.0,
    "minResTime" : 0.0,
    "maxResTime" : 409.0,
    "pct1ResTime" : 57.90000000000009,
    "pct2ResTime" : 99.0,
    "pct3ResTime" : 193.76000000000022,
    "throughput" : 820.0082000820008,
    "receivedKBytesPerSec" : 1594.5860239852398,
    "sentKBytesPerSec" : 51.10076491389914
  },
  "Total" : {
    "transaction" : "Total",
    "sampleCount" : 10000,
    "errorCount" : 7330,
    "errorPct" : 73.3,
    "meanResTime" : 47.640299999999975,
    "medianResTime" : 1.0,
    "minResTime" : 0.0,
    "maxResTime" : 1900.0,
    "pct1ResTime" : 61.0,
    "pct2ResTime" : 124.0,
    "pct3ResTime" : 1525.0,
    "throughput" : 4037.1417036737994,
    "receivedKBytesPerSec" : 7843.828061919661,
    "sentKBytesPerSec" : 199.58303895841746
  },
  "Get Hero by ID" : {
    "transaction" : "Get Hero by ID",
    "sampleCount" : 2000,
    "errorCount" : 1466,
    "errorPct" : 73.3,
    "meanResTime" : 16.50899999999999,
    "medianResTime" : 1.0,
    "minResTime" : 0.0,
    "maxResTime" : 316.0,
    "pct1ResTime" : 53.90000000000009,
    "pct2ResTime" : 86.94999999999982,
    "pct3ResTime" : 146.0,
    "throughput" : 823.7232289950576,
    "receivedKBytesPerSec" : 1592.5747464476935,
    "sentKBytesPerSec" : 27.49176276771005
  },
  "Get Heroes" : {
    "transaction" : "Get Heroes",
    "sampleCount" : 2000,
    "errorCount" : 1466,
    "errorPct" : 73.3,
    "meanResTime" : 174.14749999999984,
    "medianResTime" : 1.0,
    "minResTime" : 0.0,
    "maxResTime" : 1900.0,
    "pct1ResTime" : 1134.0,
    "pct2ResTime" : 1525.0,
    "pct3ResTime" : 1785.0,
    "throughput" : 828.1573498964804,
    "receivedKBytesPerSec" : 1629.1666666666667,
    "sentKBytesPerSec" : 27.20788043478261
  },
  "Update Hero" : {
    "transaction" : "Update Hero",
    "sampleCount" : 2000,
    "errorCount" : 1466,
    "errorPct" : 73.3,
    "meanResTime" : 14.77300000000001,
    "medianResTime" : 1.0,
    "minResTime" : 0.0,
    "maxResTime" : 379.0,
    "pct1ResTime" : 46.0,
    "pct2ResTime" : 82.94999999999982,
    "pct3ResTime" : 153.91000000000008,
    "throughput" : 821.0180623973728,
    "receivedKBytesPerSec" : 1577.283135775862,
    "sentKBytesPerSec" : 51.591844981527096
  },
  "Delete Hero" : {
    "transaction" : "Delete Hero",
    "sampleCount" : 2000,
    "errorCount" : 1466,
    "errorPct" : 73.3,
    "meanResTime" : 15.373500000000007,
    "medianResTime" : 1.0,
    "minResTime" : 0.0,
    "maxResTime" : 494.0,
    "pct1ResTime" : 47.0,
    "pct2ResTime" : 75.0,
    "pct3ResTime" : 164.98000000000002,
    "throughput" : 822.0304151253597,
    "receivedKBytesPerSec" : 1601.5191507398274,
    "sentKBytesPerSec" : 45.86833384710235
  }
}