{
  "Post Hero" : {
    "transaction" : "Post Hero",
    "sampleCount" : 35401,
    "errorCount" : 26918,
    "errorPct" : 76.0374,
    "meanResTime" : 144.595491652778,
    "medianResTime" : 1.0,
    "minResTime" : 0.0,
    "maxResTime" : 10256.0,
    "pct1ResTime" : 563.0,
    "pct2ResTime" : 714.0,
    "pct3ResTime" : 1908.9900000000016,
    "throughput" : 1170.5905694067853,
    "receivedKBytesPerSec" : 2340.6278868688414,
    "sentKBytesPerSec" : 67.92615092421136
  },
  "Total" : {
    "transaction" : "Total",
    "sampleCount" : 176905,
    "errorCount" : 134623,
    "errorPct" : 76.09904,
    "meanResTime" : 145.0071733416229,
    "medianResTime" : 524.0,
    "minResTime" : 0.0,
    "maxResTime" : 10258.0,
    "pct1ResTime" : 610.0,
    "pct2ResTime" : 685.0,
    "pct3ResTime" : 747.0,
    "throughput" : 5789.912941022452,
    "receivedKBytesPerSec" : 11631.888578674234,
    "sentKBytesPerSec" : 262.7280414389278
  },
  "Get Hero by ID" : {
    "transaction" : "Get Hero by ID",
    "sampleCount" : 35576,
    "errorCount" : 27038,
    "errorPct" : 76.00067,
    "meanResTime" : 137.23802563525953,
    "medianResTime" : 1.0,
    "minResTime" : 0.0,
    "maxResTime" : 10258.0,
    "pct1ResTime" : 556.0,
    "pct2ResTime" : 716.0,
    "pct3ResTime" : 1988.0,
    "throughput" : 1175.3667239328665,
    "receivedKBytesPerSec" : 2338.7578775439406,
    "sentKBytesPerSec" : 35.74732390643584
  },
  "Get Heroes" : {
    "transaction" : "Get Heroes",
    "sampleCount" : 35809,
    "errorCount" : 27253,
    "errorPct" : 76.10657,
    "meanResTime" : 188.25937613449048,
    "medianResTime" : 1.0,
    "minResTime" : 0.0,
    "maxResTime" : 10257.0,
    "pct1ResTime" : 609.0,
    "pct2ResTime" : 1094.0,
    "pct3ResTime" : 1923.9900000000016,
    "throughput" : 1172.06729510343,
    "receivedKBytesPerSec" : 2422.167310292698,
    "sentKBytesPerSec" : 35.3167729403967
  },
  "Update Hero" : {
    "transaction" : "Update Hero",
    "sampleCount" : 35156,
    "errorCount" : 26777,
    "errorPct" : 76.16623,
    "meanResTime" : 130.78709181932038,
    "medianResTime" : 1.0,
    "minResTime" : 0.0,
    "maxResTime" : 10255.0,
    "pct1ResTime" : 548.0,
    "pct2ResTime" : 678.0,
    "pct3ResTime" : 1868.9700000000048,
    "throughput" : 1168.8665757888089,
    "receivedKBytesPerSec" : 2315.822332056056,
    "sentKBytesPerSec" : 68.01994672008512
  },
  "Delete Hero" : {
    "transaction" : "Delete Hero",
    "sampleCount" : 34963,
    "errorCount" : 26637,
    "errorPct" : 76.18626,
    "meanResTime" : 123.32917655807559,
    "medianResTime" : 1.0,
    "minResTime" : 0.0,
    "maxResTime" : 10258.0,
    "pct1ResTime" : 534.9000000000015,
    "pct2ResTime" : 624.0,
    "pct3ResTime" : 1839.9900000000016,
    "throughput" : 1163.184509947435,
    "receivedKBytesPerSec" : 2334.516191872796,
    "sentKBytesPerSec" : 58.76425369286047
  }
}