{
  "Post Hero" : {
    "transaction" : "Post Hero",
    "sampleCount" : 58024,
    "errorCount" : 52235,
    "errorPct" : 90.023094,
    "meanResTime" : 311.28829449882994,
    "medianResTime" : 77.0,
    "minResTime" : 0.0,
    "maxResTime" : 27838.0,
    "pct1ResTime" : 461.0,
    "pct2ResTime" : 989.0,
    "pct3ResTime" : 8749.650000000056,
    "throughput" : 840.5377216363426,
    "receivedKBytesPerSec" : 1939.1897309626333,
    "sentKBytesPerSec" : 22.467444898742613
  },
  "Total" : {
    "transaction" : "Total",
    "sampleCount" : 290392,
    "errorCount" : 261250,
    "errorPct" : 89.9646,
    "meanResTime" : 316.6956837653921,
    "medianResTime" : 3.0,
    "minResTime" : 0.0,
    "maxResTime" : 27840.0,
    "pct1ResTime" : 155.90000000000146,
    "pct2ResTime" : 696.0,
    "pct3ResTime" : 4176.0,
    "throughput" : 4206.263217358556,
    "receivedKBytesPerSec" : 9758.23970188972,
    "sentKBytesPerSec" : 89.33887632535705
  },
  "Get Hero by ID" : {
    "transaction" : "Get Hero by ID",
    "sampleCount" : 59002,
    "errorCount" : 53082,
    "errorPct" : 89.96644,
    "meanResTime" : 307.8461238602123,
    "medianResTime" : 79.0,
    "minResTime" : 0.0,
    "maxResTime" : 27836.0,
    "pct1ResTime" : 411.0,
    "pct2ResTime" : 867.9500000000007,
    "pct3ResTime" : 7193.820000000029,
    "throughput" : 854.6803024596576,
    "receivedKBytesPerSec" : 1966.5249160513297,
    "sentKBytesPerSec" : 12.048410927948545
  },
  "Get Heroes" : {
    "transaction" : "Get Heroes",
    "sampleCount" : 60041,
    "errorCount" : 54351,
    "errorPct" : 90.52314,
    "meanResTime" : 378.68809646741545,
    "medianResTime" : 86.0,
    "minResTime" : 0.0,
    "maxResTime" : 27839.0,
    "pct1ResTime" : 585.9000000000015,
    "pct2ResTime" : 1138.9500000000007,
    "pct3ResTime" : 9238.840000000026,
    "throughput" : 869.6804658304122,
    "receivedKBytesPerSec" : 2088.513682568839,
    "sentKBytesPerSec" : 11.994922633187521
  },
  "Update Hero" : {
    "transaction" : "Update Hero",
    "sampleCount" : 57150,
    "errorCount" : 51334,
    "errorPct" : 89.82327,
    "meanResTime" : 287.8221522309715,
    "medianResTime" : 76.0,
    "minResTime" : 0.0,
    "maxResTime" : 27514.0,
    "pct1ResTime" : 388.0,
    "pct2ResTime" : 848.0,
    "pct3ResTime" : 4174.530000000235,
    "throughput" : 827.9009126466754,
    "receivedKBytesPerSec" : 1896.933808783319,
    "sentKBytesPerSec" : 22.787986201651456
  },
  "Delete Hero" : {
    "transaction" : "Delete Hero",
    "sampleCount" : 56175,
    "errorCount" : 50248,
    "errorPct" : 89.44904,
    "meanResTime" : 294.69187360925974,
    "medianResTime" : 78.0,
    "minResTime" : 0.0,
    "maxResTime" : 27840.0,
    "pct1ResTime" : 391.0,
    "pct2ResTime" : 828.0,
    "pct3ResTime" : 3841.9600000000064,
    "throughput" : 813.7648302936362,
    "receivedKBytesPerSec" : 1867.7692274349565,
    "sentKBytesPerSec" : 20.047435662963014
  }
}